name,count,gender,rank
James,4764644,male,1
John,4546819,male,2
Robert,4535897,male,3
Michael,4323074,male,4
William,3631876,male,5
David,3560660,male,6
Richard,2477879,male,7
Joseph,2367801,male,8
Thomas,2167014,male,9
Charles,2124748,male,10
Christopher,2025963,male,11
Daniel,1882400,male,12
Matthew,1591773,male,13
Anthony,1400849,male,14
Donald,1357533,male,15
Mark,1345366,male,16
Paul,1296573,male,17
Steven,1279636,male,18
Andrew,1248926,male,19
Kenneth,1231665,male,20
Joshua,1208231,male,21
George,1181255,male,22
Kevin,1169693,male,23
Brian,1165284,male,24
Edward,1114165,male,25
Ronald,1073235,male,26
Timothy,1067263,male,27
Jason,1031730,male,28
Jeffrey,974219,male,29
Ryan,931422,male,30
Jacob,915562,male,31
Gary,899587,male,32
Nicholas,888450,male,33
Eric,875444,male,34
Stephen,840568,male,35
Jonathan,838634,male,36
Larry,802473,male,37
Justin,774858,male,38
Scott,769294,male,39
Brandon,756415,male,40
Frank,722122,male,41
Benjamin,719558,male,42
Gregory,706323,male,43
Samuel,705094,male,44
Raymond,690233,male,45
Patrick,662614,male,46
Alexander,656997,male,47
Jack,636163,male,48
Dennis,611399,male,49
Jerry,603209,male,50
Tyler,586598,male,51
Aaron,574616,male,52
Jose,556684,male,53
Henry,553184,male,54
Douglas,550253,male,55
Adam,547659,male,56
Peter,542143,male,57
Nathan,539259,male,58
Zachary,534808,male,59
Walter,488156,male,60
Kyle,478914,male,61
Harold,460352,male,62
Carl,437941,male,63
Jeremy,435760,male,64
Keith,431893,male,65
Roger,430648,male,66
Gerald,430639,male,67
Ethan,424039,male,68
Arthur,423066,male,69
Terry,421897,male,70
Christian,419307,male,71
Sean,417558,male,72
Lawrence,411846,male,73
Austin,407659,male,74
Joe,393562,male,75
Noah,390019,male,76
Jesse,388817,male,77
Albert,386202,male,78
Bryan,380231,male,79
Billy,380139,male,80
Bruce,376227,male,81
Willie,374697,male,82
Jordan,373768,male,83
Dylan,369445,male,84
Alan,346761,male,85
Ralph,346374,male,86
Gabriel,344424,male,87
Roy,343526,male,88
Juan,343151,male,89
Wayne,340759,male,90
Eugene,335892,male,91
Logan,330888,male,92
Randy,327458,male,93
Louis,325321,male,94
Russell,324099,male,95
Vincent,321973,male,96
Philip,317236,male,97
Bobby,313127,male,98
Johnny,308032,male,99
Bradley,304927,male,100
Mary,3328565,female,1
Patricia,1562727,female,2
Jennifer,1466854,female,3
Linda,1448194,female,4
Elizabeth,1436232,female,5
Barbara,1406173,female,6
Susan,1105188,female,7
Jessica,1044492,female,8
Sarah,995436,female,9
Karen,985261,female,10
Nancy,971838,female,11
Margaret,968332,female,12
Lisa,964705,female,13
Betty,948725,female,14
Dorothy,878637,female,15
Sandra,873403,female,16
Ashley,845462,female,17
Kimberly,836685,female,18
Donna,824044,female,19
Emily,820233,female,20
Michelle,810244,female,21
Carol,808228,female,22
Amanda,772427,female,23
Melissa,752207,female,24
Deborah,739570,female,25
Stephanie,737514,female,26
Rebecca,729638,female,27
Laura,723960,female,28
Sharon,720799,female,29
Cynthia,705556,female,30
Kathleen,691649,female,31
Helen,685877,female,32
Amy,679793,female,33
Shirley,671283,female,34
Angela,657793,female,35
Anna,639947,female,36
Brenda,606269,female,37
Pamela,592685,female,38
Nicole,586880,female,39
Ruth,586566,female,40
Katherine,577232,female,41
Samantha,572632,female,42
Christine,565140,female,43
Emma,557929,female,44
Catherine,557454,female,45
Debra,548270,female,46
Virginia,546942,female,47
Rachel,546198,female,48
Carolyn,543284,female,49
Janet,543129,female,50
Maria,527601,female,51
Heather,524160,female,52
Diane,515329,female,53
Julie,506015,female,54
Joyce,501557,female,55
Victoria,476787,female,56
Kelly,470807,female,57
Christina,470773,female,58
Joan,470339,female,59
Evelyn,469166,female,60
Lauren,468078,female,61
Judith,449845,female,62
Olivia,446075,female,63
Frances,443803,female,64
Martha,442510,female,65
Cheryl,436876,female,66
Megan,436676,female,67
Andrea,432486,female,68
Hannah,421473,female,69
Jacqueline,419912,female,70
Ann,417063,female,71
Jean,413919,female,72
Alice,412224,female,73
Kathryn,409275,female,74
Gloria,409048,female,75
Teresa,404955,female,76
Doris,404469,female,77
Sara,402044,female,78
Janice,400793,female,79
Julia,385358,female,80
Marie,385179,female,81
Madison,380710,female,82
Grace,380274,female,83
Judy,378183,female,84
Theresa,372220,female,85
Beverly,371285,female,86
Denise,371008,female,87
Marilyn,369774,female,88
Amber,369305,female,89
Danielle,367034,female,90
Abigail,364627,female,91
Brittany,358248,female,92
Rose,357944,female,93
Diana,357385,female,94
Natalie,348321,female,95
Sophia,338623,female,96
Alexis,338183,female,97
Lori,337987,female,98
Kayla,337528,female,99
Jane,336967,female,100
